{
  "model": "1RC",
  "R0": 0.0007778265462675824,
  "R1": 0.00012945386958142309,
  "C1": 22730.680629513612,
  "rmse_V": 0.0010270735739122308,
  "meta": {
    "file_path": "D:\\유경상\\JGRC\\시뮬레이션 파일\\매틀랩 파일\\battery\\data\\셀 엑셀파일\\셀 엑셀파일\\CH2_25deg\\DCIR\\23_01_05_에기연 열화셀_25deg_1300cycle_DCIR_ch2_M01Ch002(002).csv",
    "nominal_capacity_ah": 63.0,
    "pre_rest_step": 2,
    "pulse_step": 4,
    "post_rest_step": 5,
    "pulse_current_A": 62.99605,
    "pulse_duration_s": 9.0,
    "tau_s": 2.9425745657100353,
    "temp_C": 27.42923076923077,
    "R0_mohm": 0.7778265462675824,
    "R1_mohm": 0.12945386958142308
  }
}
